,Unnamed: 0,id,img_url
0,0,tt5491994,"https://m.media-amazon.com/images/M/MV5BMGZmYmQ5NGQtNWQ1MC00NWZlLTg0MjYtYjJjMzQ5ODgxYzRkXkEyXkFqcGdeQXVyNjAwNDUxODI@._V1_SY1200_CR2,0,808,1200_.jpg"
1,1,tt0903747,"https://m.media-amazon.com/images/M/MV5BYTU3NWI5OGMtZmZhNy00MjVmLTk1YzAtZjA3ZDA3NzcyNDUxXkEyXkFqcGdeQXVyODY5Njk4Njc@._V1_SY1200_CR0,0,808,1200_.jpg"
2,2,tt0795176,"https://m.media-amazon.com/images/M/MV5BMzMyYjg0MGMtMTlkMy00OGFiLWFiNTYtYmFmZWNmMDFlMzkwXkEyXkFqcGdeQXVyNjAwNDUxODI@._V1_SY1200_CR2,0,808,1200_.jpg"
3,3,tt0185906,"https://m.media-amazon.com/images/M/MV5BMTI3ODc2ODc0M15BMl5BanBnXkFtZTYwMjgzNjc3._V1_SX404_CR0,0,404,600_.jpg"
4,4,tt7366338,"https://m.media-amazon.com/images/M/MV5BZGQ2YmMxZmEtYjI5OS00NzlkLTlkNTEtYWMyMzkyMzc2MDU5XkEyXkFqcGdeQXVyMzQ2MDI5NjU@._V1_SX404_CR0,0,404,600_.jpg"
5,5,tt0306414,"https://m.media-amazon.com/images/M/MV5BNTllYzFhMjAtZjExNS00MjM4LWE5YmMtOGFiZGRlOTU5YzJiXkEyXkFqcGdeQXVyNDIzMzcwNjc@._V1_SX404_CR0,0,404,600_.jpg"
6,6,tt6769208,"https://m.media-amazon.com/images/M/MV5BNDZiNDllMTAtOTgxZi00NzNiLWFhNzUtOGUwZWZjZGNjZTMyXkEyXkFqcGdeQXVyNjAwNDUxODI@._V1_SX404_CR0,0,404,600_.jpg"
7,7,tt0417299,"https://m.media-amazon.com/images/M/MV5BODc5YTBhMTItMjhkNi00ZTIxLWI0YjAtNTZmOTY0YjRlZGQ0XkEyXkFqcGdeQXVyODUwNjEzMzg@._V1_SY1200_CR0,0,808,1200_.jpg"
8,8,tt2395695,"https://m.media-amazon.com/images/M/MV5BZTk5OTQyZjYtMDk3Yy00YjhmLWE2MTYtZmY4NTg1YWUzZTQ0XkEyXkFqcGdeQXVyNTA4NzY1MzY@._V1_SY1200_CR0,0,808,1200_.jpg"
9,9,tt0141842,"https://m.media-amazon.com/images/M/MV5BZGJjYzhjYTYtMDBjYy00OWU1LTg5OTYtNmYwOTZmZjE3ZDdhXkEyXkFqcGdeQXVyNTAyODkwOQ@@._V1_SY1200_CR2,0,808,1200_.jpg"
10,10,tt0081846,"https://m.media-amazon.com/images/M/MV5BM2YzYzc0OWUtNmIwZi00MTBlLThjYTgtYmU1ODlhMzdjMzdjXkEyXkFqcGdeQXVyNjAwNDUxODI@._V1_SX404_CR0,0,404,600_.jpg"
11,11,tt9253866,"https://m.media-amazon.com/images/M/MV5BZmM2OWEyN2EtZWY2NS00ZDA3LWFlNTAtNzUzMGQwZWVlZmE4XkEyXkFqcGdeQXVyNjAwNDUxODI@._V1_SY1200_CR2,0,808,1200_.jpg"
12,12,tt0944947,"https://m.media-amazon.com/images/M/MV5BYTRiNDQwYzAtMzVlZS00NTI5LWJjYjUtMzkwNTUzMWMxZTllXkEyXkFqcGdeQXVyNDIzMzcwNjc@._V1_SY1200_CR4,0,808,1200_.jpg"
13,13,tt2861424,"https://m.media-amazon.com/images/M/MV5BZjRjOTFkOTktZWUzMi00YzMyLThkMmYtMjEwNmQyNzliYTNmXkEyXkFqcGdeQXVyNzQ1ODk3MTQ@._V1_SX404_CR0,0,404,600_.jpg"
14,14,tt0071075,"https://m.media-amazon.com/images/M/MV5BZTIwOWEyMjctMjQwNS00ODZiLThmMWEtYWQ1OWFiYzQ2OWYwXkEyXkFqcGdeQXVyNjAwNDUxODI@._V1_SX404_CR0,0,404,600_.jpg"
15,15,tt1355642,"https://m.media-amazon.com/images/M/MV5BZmEzN2YzOTItMDI5MS00MGU4LWI1NWQtOTg5ZThhNGQwYTEzXkEyXkFqcGdeQXVyNTA4NzY1MzY@._V1_SY1200_CR3,0,808,1200_.jpg"
16,16,tt8420184,"https://m.media-amazon.com/images/M/MV5BY2U1ZTU4OWItNGU2MC00MTg1LTk4NzUtYTk3ODhjYjI0MzlmXkEyXkFqcGdeQXVyMTkxNjUyNQ@@._V1_SX404_CR0,0,404,600_.jpg"
17,17,tt1533395,"https://m.media-amazon.com/images/M/MV5BNjJhMTAxZjYtNWZkYy00Nzg1LTlkYjItZTNhZWRjNzkxMDg3XkEyXkFqcGdeQXVyNTA4NzY1MzY@._V1_SY1200_CR2,0,808,1200_.jpg"
18,18,tt1475582,"https://m.media-amazon.com/images/M/MV5BMWY3NTljMjEtYzRiMi00NWM2LTkzNjItZTVmZjE0MTdjMjJhL2ltYWdlL2ltYWdlXkEyXkFqcGdeQXVyNTQ4NTc5OTU@._V1_SX404_CR0,0,404,600_.jpg"
19,19,tt0052520,"https://m.media-amazon.com/images/M/MV5BNTAzMDI5MzgtMGNkMC00MzllLWJhNjctNjA1NmViNGUxMzYxXkEyXkFqcGdeQXVyMTQxNzMzNDI@._V1_SX404_CR0,0,404,600_.jpg"
20,20,tt1877514,"https://m.media-amazon.com/images/M/MV5BZmY2NGMyY2EtMjJiMS00MmFlLTk1MmItZDA1NTQ0ODg0MDA4XkEyXkFqcGdeQXVyNjAwNDUxODI@._V1_SX404_CR0,0,404,600_.jpg"
21,21,tt7678620,"https://m.media-amazon.com/images/M/MV5BMDBiNDI3YjQtNDdkNS00ZDliLTlmMmQtMDE4ZWM1ZGIyNjljXkEyXkFqcGdeQXVyNTE1NjY5Mg@@._V1_SX404_CR0,0,404,600_.jpg"
22,22,tt0103359,"https://m.media-amazon.com/images/M/MV5BOTM3MTRkZjQtYjBkMy00YWE1LTkxOTQtNDQyNGY0YjYzNzAzXkEyXkFqcGdeQXVyOTgwMzk1MTA@._V1_SX404_CR0,0,404,600_.jpg"
23,23,tt12392504,"https://m.media-amazon.com/images/M/MV5BNjgxZTMxNmQtZGFkZS00NDUyLTllMzYtOTE0ZjdlMjM1ZWU0XkEyXkFqcGdeQXVyMTAyMTE1MDA1._V1_SX404_CR0,0,404,600_.jpg"
24,24,tt11126994,"https://m.media-amazon.com/images/M/MV5BYmU5OWM5ZTAtNjUzOC00NmUyLTgyOWMtMjlkNjdlMDAzMzU1XkEyXkFqcGdeQXVyMDM2NDM2MQ@@._V1_SY1200_CR0,0,808,1200_.jpg"
25,25,tt0296310,"https://m.media-amazon.com/images/M/MV5BMjA4N2QzZGItY2IzOS00YTUyLWI5MzItNjRjNWEyODE3ZWQ4XkEyXkFqcGdeQXVyNjAwNDUxODI@._V1_SX404_CR0,0,404,600_.jpg"
26,26,tt2560140,"https://m.media-amazon.com/images/M/MV5BMGY3Mzg3M2UtNzYxNi00ZDYzLTlhMTQtMjkzZTA2MWQ4NjA0XkEyXkFqcGdeQXVyNjAwNDUxODI@._V1_SY1200_CR2,0,808,1200_.jpg"
27,27,tt0386676,"https://m.media-amazon.com/images/M/MV5BMDNkOTE4NDQtMTNmYi00MWE0LWE4ZTktYTc0NzhhNWIzNzJiXkEyXkFqcGdeQXVyMzQ2MDI5NjU@._V1_SX404_CR0,0,404,600_.jpg"
28,28,tt0303461,"https://m.media-amazon.com/images/M/MV5BOTcwNzkwMDItZmM1OC00MmQ2LTgxYjgtOTNiNDgxZDAxMjk0XkEyXkFqcGdeQXVyNDQ0MTYzMDA@._V1_SX404_CR0,0,404,600_.jpg"
29,29,tt1806234,"https://m.media-amazon.com/images/M/MV5BMjM4NWMzNDgtZjQ4Zi00NWEyLWIzNTYtZjVjZGVhMmY1NTQyXkEyXkFqcGdeQXVyNjAwNDUxODI@._V1_SY1200_CR2,0,808,1200_.jpg"
30,30,tt2092588,"https://m.media-amazon.com/images/M/MV5BYjdlMGYwYWQtODVlMi00Y2I0LThiYzgtYTM0YmU5NzdhYTI0XkEyXkFqcGdeQXVyNjAwNDUxODI@._V1_SX404_CR0,0,404,600_.jpg"
31,31,tt0877057,"https://m.media-amazon.com/images/M/MV5BNjRiNmNjMmMtN2U2Yi00ODgxLTk3OTMtMmI1MTI1NjYyZTEzXkEyXkFqcGdeQXVyNjAwNDUxODI@._V1_SX404_CR0,0,404,600_.jpg"
32,32,tt0081912,"https://m.media-amazon.com/images/M/MV5BYmI1NGIwNzYtOTVlMS00ZGYwLWE0ZTktYzVmMGVlMmRmN2QxXkEyXkFqcGdeQXVyNTA4NzY1MzY@._V1_SY1200_CR3,0,808,1200_.jpg"
33,33,tt0098769,"https://m.media-amazon.com/images/M/MV5BZjE1ODNkYzctNjM0Ni00MmM3LTkyMjctZGRhYzA3YzhjMTFlXkEyXkFqcGdeQXVyNjAwNDUxODI@._V1_SX404_CR0,0,404,600_.jpg"
34,34,tt2098220,"https://m.media-amazon.com/images/M/MV5BNGM0YTk3MWEtN2JlZC00ZmZmLWIwMDktZTMxZGE5Zjc2MGExXkEyXkFqcGdeQXVyNjAwNDUxODI@._V1_SY1200_CR2,0,808,1200_.jpg"
35,35,tt2356777,"https://m.media-amazon.com/images/M/MV5BMmRlYmE0Y2UtNDk2Yi00NzczLWEwZTEtZmE2OTcyYzcxYmU5XkEyXkFqcGdeQXVyNTMxMjgxMzA@._V1_UY1200_CR1,0,808,1200_AL_.jpg"
36,36,tt3032476,"https://m.media-amazon.com/images/M/MV5BMTMxOGM0NzItM2E0OS00YWYzLWEzNzUtODUzZTBjM2I4MTZkXkEyXkFqcGdeQXVyMTM1MTE1NDMx._V1_SY1200_CR0,0,808,1200_.jpg"
37,37,tt0098904,"https://m.media-amazon.com/images/M/MV5BZjZjMzQ2ZmUtZWEyZC00NWJiLWFjM2UtMzhmYzZmZDcxMzllXkEyXkFqcGdeQXVyNTA4NzY1MzY@._V1_SY1200_CR2,0,808,1200_.jpg"
38,38,tt9735318,"https://m.media-amazon.com/images/M/MV5BNjMxMjE5ZTEtMjgyOC00ODM4LWJjZDAtMjcwZDBlNzZhZTkyXkEyXkFqcGdeQXVyMDM2NDM2MQ@@._V1_SY1200_CR0,0,808,1200_.jpg"
39,39,tt0092337,"https://m.media-amazon.com/images/M/MV5BNDgzZDVmZjYtYmNhNi00YTE0LWJmNDAtODZiNWIwMjJhZDhhXkEyXkFqcGdeQXVyNjAwNDUxODI@._V1_SX404_CR0,0,404,600_.jpg"
40,40,tt7920978,"https://m.media-amazon.com/images/M/MV5BOTJkNzJmYzgtZTZmNC00MTQ2LWE2ZGQtM2EyYjliNGViMTY5XkEyXkFqcGdeQXVyNDg4MjkzNDk@._V1_SY1200_CR3,0,808,1200_.jpg"
41,41,tt2802850,"https://m.media-amazon.com/images/M/MV5BN2NiMGE5M2UtNWNlNC00N2Y4LTkwOWUtMDlkMzEwNTcyOTcyXkEyXkFqcGdeQXVyMTkxNjUyNQ@@._V1_SY1200_CR1,0,808,1200_.jpg"
42,42,tt0213338,"https://m.media-amazon.com/images/M/MV5BNGNlNjBkODEtZThlOC00YzUxLWI0MjMtMjk3YzJmMDFlNWZlXkEyXkFqcGdeQXVyNjI0MDg2NzE@._V1_SX404_CR0,0,404,600_.jpg"
43,43,tt10541088,"https://m.media-amazon.com/images/M/MV5BYWI5M2YyYmYtMzBkNy00YWYyLThjZGUtYzEyOTQxZDQyYmVhXkEyXkFqcGdeQXVyNjAwNDUxODI@._V1_SX404_CR0,0,404,600_.jpg"
44,44,tt2297757,"https://m.media-amazon.com/images/M/MV5BOGY4ZWM1MDUtZmM3MS00ZjAxLTkyYzMtMjgxODI1YzkzNGUwXkEyXkFqcGdeQXVyNzk2NzE5Mjk@._V1_SY1600_CR6,0,775,1050_.jpg"
45,45,tt1865718,"https://m.media-amazon.com/images/M/MV5BMTEzNDc3MDQ2NzNeQTJeQWpwZ15BbWU4MDYzMzUwMDIx._V1_SX404_CR0,0,404,600_.jpg"
46,46,tt7137906,"https://m.media-amazon.com/images/M/MV5BZmJjM2YzOWEtOTYxYi00YjhkLTliMzgtMTA2MTc0NDQ1MDM4XkEyXkFqcGdeQXVyODY5OTk4MA@@._V1_SY1200_CR0,0,808,1200_.jpg"
47,47,tt3530232,"https://m.media-amazon.com/images/M/MV5BYTE2MTcwZmYtNDk2OC00YzkwLTllYjgtMmJkODczZTkxNjllXkEyXkFqcGdeQXVyMTMxNjUyMDkx._V1_SY1200_CR0,0,808,1200_.jpg"
48,48,tt0108778,"https://m.media-amazon.com/images/M/MV5BNDVkYjU0MzctMWRmZi00NTkxLTgwZWEtOWVhYjZlYjllYmU4XkEyXkFqcGdeQXVyNTA4NzY1MzY@._V1_SY1200_CR0,0,808,1200_.jpg"
49,49,tt4742876,"https://m.media-amazon.com/images/M/MV5BYzA2NGM5MjAtMGJhMC00ZmE3LWFmYmEtZTVjNjA0MzQ4YmI1XkEyXkFqcGdeQXVyMTIyNzY0NTMx._V1_SY1200_CR9,0,808,1200_.jpg"
50,50,tt2571774,"https://m.media-amazon.com/images/M/MV5BNDdkZGViNzctZTJkMy00N2ZmLTg4NTUtZWM3YTE3ZTE3NjYwXkEyXkFqcGdeQXVyNjAwNDUxODI@._V1_SX404_CR0,0,404,600_.jpg"
51,51,tt1508238,"https://m.media-amazon.com/images/M/MV5BMzEyMmM1ZGMtZTgwMS00Y2Y4LTg0MTItMGRiZGE3YTVhYjU3L2ltYWdlXkEyXkFqcGdeQXVyNTAyODkwOQ@@._V1_SY1600_CR6,0,775,1050_.jpg"
52,52,tt0063929,"https://m.media-amazon.com/images/M/MV5BZGI1N2FiYTYtOWU3Mi00MjBlLWJkMGMtMjZmZTQwMDdiYjY3XkEyXkFqcGdeQXVyMTIwMjIwNjQ2._V1_SY1200_CR12,0,808,1200_.jpg"
53,53,tt0472954,"https://m.media-amazon.com/images/M/MV5BMzg3ODVjZTYtZTAyNC00MzVjLTk3NmUtMGI4ZjZmNGQ1NmY4XkEyXkFqcGdeQXVyMzQ2MDI5NjU@._V1_SY1200_CR1,0,808,1200_.jpg"
54,54,tt4934214,"https://m.media-amazon.com/images/M/MV5BMTNlYzY0MTItZmI5Ni00ODEwLTkxNDktOTI3MGI1ODRmODJlXkEyXkFqcGdeQXVyMDE4MzA0NQ@@._V1_SX404_CR0,0,404,600_.jpg"
55,55,tt0081834,"https://m.media-amazon.com/images/M/MV5BNTBhZTQzZGEtZmRiOS00MzAwLWI5MzQtYTc1YTRhMzU3NzQ5XkEyXkFqcGdeQXVyNzkwMjQ5NzM@._V1_SY1200_CR3,0,808,1200_.jpg"
56,56,tt0200276,"https://m.media-amazon.com/images/M/MV5BNjk3ZWE3ZDctN2Q1YS00NzNhLWFjNmYtZTkwYWQxZmQ3NzM3XkEyXkFqcGdeQXVyNTE1NjY5Mg@@._V1_SX404_CR0,0,404,600_.jpg"
57,57,tt0264235,"https://m.media-amazon.com/images/M/MV5BMzE3ZDA4OWItOGY2ZC00MzVmLTk0Y2QtNzEzMjc5YWI5ZWFiXkEyXkFqcGdeQXVyMTEyMjM2NDc2._V1_SY1200_CR0,0,808,1200_.jpg"
58,58,tt0112130,"https://m.media-amazon.com/images/M/MV5BMDM0MjFlOGYtNTg2ZC00MmRkLTg5OTQtM2U5ZjUyYTgxZThiXkEyXkFqcGdeQXVyNTAyODkwOQ@@._V1_SY1200_CR2,0,808,1200_.jpg"
59,59,tt0072500,"https://m.media-amazon.com/images/M/MV5BNzJiYjAxNjUtNjFlNC00NWMwLTgxMTAtNjgyYmUzNWE0OWFjXkEyXkFqcGdeQXVyMTA0MTM5NjI2._V1_SX404_CR0,0,404,600_.jpg"
60,60,tt1831164,"https://m.media-amazon.com/images/M/MV5BZGZlN2QzYTQtNmZkMy00YjdiLWIwOGUtMzlhZTJlMmIyNmJhXkEyXkFqcGdeQXVyOTQ2MjQ3MTI@._V1_SY1200_CR10,0,808,1200_.jpg"
61,61,tt13675832,"https://m.media-amazon.com/images/M/MV5BZTUzZjU0M2MtZGFmYy00ZWU0LWJjZGUtOGJlMTI4MWI4ZDUxXkEyXkFqcGdeQXVyNDg4MjkzNDk@._V1_SY1200_CR9,0,808,1200_.jpg"
62,62,tt0193676,"https://m.media-amazon.com/images/M/MV5BZWJhOGFiZWMtYTY5Ni00NGU1LWE5OWItNzA5NThkNWUwYzc4XkEyXkFqcGdeQXVyNTA4NzY1MzY@._V1_SY1200_CR2,0,808,1200_.jpg"
63,63,tt0096548,"https://m.media-amazon.com/images/M/MV5BMTQ0OTc1NTU1NV5BMl5BanBnXkFtZTcwNDk1NDYxMQ@@._V1_SY1200_CR1,0,808,1200_.jpg"
64,64,tt0098936,"https://m.media-amazon.com/images/M/MV5BMTExNzk2NjcxNTNeQTJeQWpwZ15BbWU4MDcxOTczOTIx._V1_SY1200_CR8,0,808,1200_.jpg"
65,65,tt2085059,"https://m.media-amazon.com/images/M/MV5BYTM3YWVhMDMtNjczMy00NGEyLWJhZDctYjNhMTRkNDE0ZTI1XkEyXkFqcGdeQXVyMTkxNjUyNQ@@._V1_SY1200_CR0,0,808,1200_.jpg"
66,66,tt3398228,"https://m.media-amazon.com/images/M/MV5BYWQwMDNkM2MtODU4OS00OTY3LTgwOTItNjE2Yzc0MzRkMDllXkEyXkFqcGdeQXVyMTkxNjUyNQ@@._V1_SY1200_CR0,0,808,1200_.jpg"
67,67,tt2707408,"https://m.media-amazon.com/images/M/MV5BNmFjODU3YzgtMGUwNC00ZGI3LWFkZjQtMjkxZDc3NmQ1MzcyXkEyXkFqcGdeQXVyNjUwNzk3NDc@._V1_SY1200_CR0,0,808,1200_.jpg"
68,68,tt7660850,"https://m.media-amazon.com/images/M/MV5BZDE0ODVlYjktNjJiMC00ODk4LWIwNTktMWRhZmZiOGFhYmUwXkEyXkFqcGdeQXVyMTkxNjUyNQ@@._V1_SY1200_CR9,0,808,1200_.jpg"
69,69,tt0353049,"https://m.media-amazon.com/images/M/MV5BOWNjYTg5NGMtOWRjNy00ZGNlLTg2MmYtZjQ5NTM0MTQxOGM2XkEyXkFqcGdeQXVyNTA4NzY1MzY@._V1_SY1200_CR2,0,808,1200_.jpg"
70,70,tt0214341,"https://m.media-amazon.com/images/M/MV5BNGM5MTEyZDItZWNhOS00NzNkLTgwZTAtNWIzY2IzZmExOWMxXkEyXkFqcGdeQXVyNTA4NzY1MzY@._V1_SY1200_CR2,0,808,1200_.jpg"
71,71,tt0121220,"https://m.media-amazon.com/images/M/MV5BZTI2Yzc1MTctMTIzOS00ZDljLTkzMDgtZDdiMWJiZWMxNjU2XkEyXkFqcGdeQXVyNjAwNDUxODI@._V1_SX404_CR0,0,404,600_.jpg"
72,72,tt0074006,"https://m.media-amazon.com/images/M/MV5BZWM1MDY1MjYtYTAzZC00MDJiLTk4MjAtOGQzNDI4YWU1MWQ0XkEyXkFqcGdeQXVyNTA4NzY1MzY@._V1_SY1200_CR1,0,808,1200_.jpg"
73,73,tt0121955,"https://m.media-amazon.com/images/M/MV5BZjNhODYzZGItZWQ3Ny00ZjViLTkxMTUtM2EzN2RjYjU2OGZiXkEyXkFqcGdeQXVyMTI5MTc0OTIy._V1_SX404_CR0,0,404,600_.jpg"
74,74,tt0384766,"https://m.media-amazon.com/images/M/MV5BYTM4MmU1NWYtNzJjYy00YWFhLThjOGEtZmMxOGI1NzE0NGNiXkEyXkFqcGdeQXVyNDIzMzcwNjc@._V1_SX404_CR0,0,404,600_.jpg"
75,75,tt0248654,"https://m.media-amazon.com/images/M/MV5BN2FmMjg0Y2YtYmMyYi00MTBjLTllYzMtN2VjYzRhOTVmNWRlXkEyXkFqcGdeQXVyNDIzMzcwNjc@._V1_SY1200_CR2,0,808,1200_.jpg"
76,76,tt3718778,"https://m.media-amazon.com/images/M/MV5BYzhjNzI0NWEtMzEyYy00OGViLThhMjctMWQxNGQ3Y2IzOTY4XkEyXkFqcGdeQXVyNjAwNDUxODI@._V1_SY1200_CR2,0,808,1200_.jpg"
77,77,tt10986410,"https://m.media-amazon.com/images/M/MV5BMDVmODUzNmEtMGMxZC00NWUzLTkxMTAtMDM5OTQzMWE0ZDM3XkEyXkFqcGdeQXVyMDM2NDM2MQ@@._V1_SY1200_CR0,0,808,1200_.jpg"
78,78,tt2442560,"https://m.media-amazon.com/images/M/MV5BZjYzZDgzMmYtYjY5Zi00YTk1LThhMDYtNjFlNzM4MTZhYzgyXkEyXkFqcGdeQXVyMTE5NDQ1MzQ3._V1_SY1200_CR9,0,808,1200_.jpg"
79,79,tt0118421,"https://m.media-amazon.com/images/M/MV5BYjY3N2M2YjgtZTFjZS00ODA1LWJjMDgtNDgxZDllZWFiMmYyXkEyXkFqcGdeQXVyNDIzMzcwNjc@._V1_SX404_CR0,0,404,600_.jpg"
80,80,tt9432978,"https://m.media-amazon.com/images/M/MV5BOGVmMGYwZTEtOGFlYS00ODRhLTg3M2MtMzc1OGNhNzU3N2IzXkEyXkFqcGdeQXVyNDY4NjAxNTc@._V1_SY1200_CR0,0,808,1200_.jpg"
81,81,tt5753856,"https://m.media-amazon.com/images/M/MV5BOTk2NzUyOTctZDdlMS00MDJlLTgzNTEtNzQzYjFhNjA0YjBjXkEyXkFqcGdeQXVyMjg1NDcxNDE@._V1_SY1200_CR0,0,808,1200_.jpg"
82,82,tt8111088,"https://m.media-amazon.com/images/M/MV5BZDhlMzY0ZGItZTcyNS00ZTAxLWIyMmYtZGQ2ODg5OWZiYmJkXkEyXkFqcGdeQXVyODkzNTgxMDg@._V1_SY1200_CR0,0,808,1200_.jpg"
83,83,tt1910272,"https://m.media-amazon.com/images/M/MV5BMjUxMzE4ZDctODNjMS00MzIwLThjNDktODkwYjc5YWU0MDc0XkEyXkFqcGdeQXVyNjc3OTE4Nzk@._V1_SX404_CR0,0,404,600_.jpg"
84,84,tt0367279,"https://m.media-amazon.com/images/M/MV5BNTFlYTE2YTItZmQ1NS00ZWQ5LWI3OGUtYTQzNDMyZmEyYTZjXkEyXkFqcGdeQXVyNDg4NjY5OTQ@._V1_SY1200_CR0,0,808,1200_.jpg"
85,85,tt1190634,"https://m.media-amazon.com/images/M/MV5BOTEyNDJhMDAtY2U5ZS00OTMzLTkwODktMjU3MjFkZWVlMGYyXkEyXkFqcGdeQXVyMjkwOTAyMDU@._V1_SY1200_CR9,0,808,1200_.jpg"
86,86,tt4508902,"https://m.media-amazon.com/images/M/MV5BZjRhZDk4NTktMjMxOS00NTk1LWI4ZDMtOWYyNTU2M2E1ODQwXkEyXkFqcGdeQXVyNjAwNDUxODI@._V1_SY1200_CR2,0,808,1200_.jpg"
87,87,tt0096697,"https://m.media-amazon.com/images/M/MV5BYjFkMTlkYWUtZWFhNy00M2FmLThiOTYtYTRiYjVlZWYxNmJkXkEyXkFqcGdeQXVyNTAyODkwOQ@@._V1_SX404_CR0,0,404,600_.jpg"
88,88,tt5687612,"https://m.media-amazon.com/images/M/MV5BMjA4MzU5NzQxNV5BMl5BanBnXkFtZTgwOTg3MDA5NzM@._V1_SY1200_CR0,0,808,1200_.jpg"
89,89,tt0286486,"https://m.media-amazon.com/images/M/MV5BMTcwNzQwODI5NV5BMl5BanBnXkFtZTcwNzQxMjI5MQ@@._V1_SX404_CR0,0,404,600_.jpg"
90,90,tt0412142,"https://m.media-amazon.com/images/M/MV5BMDA4NjQzN2ItZDhhNC00ZjVlLWFjNTgtMTEyNDQyOGNjMDE1XkEyXkFqcGdeQXVyNTA4NzY1MzY@._V1_SY1200_CR0,0,808,1200_.jpg"
91,91,tt0407362,"https://m.media-amazon.com/images/M/MV5BZjBjMjk4YWQtZjY1MC00NTI5LWEwZDMtYWMyYjk2MjkzMThhXkEyXkFqcGdeQXVyNzA5NjUyNjM@._V1_SY1200_CR0,0,808,1200_.jpg"
92,92,tt1606375,"https://m.media-amazon.com/images/M/MV5BY2U1NmIwYzgtNjFkOS00YWUxLTg0YTMtZmE5NTA3YjRmY2NlXkEyXkFqcGdeQXVyNTA4NzY1MzY@._V1_SY1200_CR2,0,808,1200_.jpg"
93,93,tt4574334,"https://m.media-amazon.com/images/M/MV5BMDZkYmVhNjMtNWU4MC00MDQxLWE3MjYtZGMzZWI1ZjhlOWJmXkEyXkFqcGdeQXVyMTkxNjUyNQ@@._V1_SY1200_CR9,0,808,1200_.jpg"
94,94,tt10530900,"https://m.media-amazon.com/images/M/MV5BN2QwZmNhZjctZDZkMi00Mjk2LTg4OWMtNGEzMjk1ZWIwN2IzXkEyXkFqcGdeQXVyNDY4NjAxNTc@._V1_SY1200_CR0,0,808,1200_.jpg"
95,95,tt6741278,"https://m.media-amazon.com/images/M/MV5BMmE1ODVhMGYtODYyYS00Mjc4LWIzN2EtYWZkZDg1MTUyNDkxXkEyXkFqcGdeQXVyMTkxNjUyNQ@@._V1_SY1200_CR0,0,808,1200_.jpg"
96,96,tt12004706,"https://m.media-amazon.com/images/M/MV5BZDkxODJmNDktZDcxMy00MGJkLWI3NzEtNzVkYTdkZWI0ZmVkXkEyXkFqcGdeQXVyNDY4NjAxNTc@._V1_SY1200_CR1,0,808,1200_.jpg"
97,97,tt0804503,"https://m.media-amazon.com/images/M/MV5BNTgxNDZlODQtNDcwOC00NWQ5LTljNWMtMDhjY2U5YTUzMTc4XkEyXkFqcGdeQXVyMDA4NzMyOA@@._V1_SX404_CR0,0,404,600_.jpg"
98,98,tt1518542,"https://m.media-amazon.com/images/M/MV5BNjYxNzBhMmQtZjM4Yy00MGZiLWFmNDAtYmVkZGM0MWNlMTU3XkEyXkFqcGdeQXVyNTA4NzY1MzY@._V1_SY1200_CR0,0,808,1200_.jpg"
99,99,tt11280740,"https://m.media-amazon.com/images/M/MV5BMjkwZjcwMGQtNDAzOC00YjJiLThiYTgtNWU3ZjRiZmY2YzEzXkEyXkFqcGdeQXVyMTMzNDExODE5._V1_SX404_CR0,0,404,600_.jpg"
100,100,tt10233448,"https://m.media-amazon.com/images/M/MV5BMWE4OWE0NmMtYjlmOC00NGE1LWJiNDItNDgxNzVjYzViMGQ3XkEyXkFqcGdeQXVyNTgyNTA4MjM@._V1_SX404_CR0,0,404,600_.jpg"
101,101,tt0387764,"https://m.media-amazon.com/images/M/MV5BZjYwMWJhOWMtZTc5ZC00MGY0LTg0ZjktMzFhODhhZGZhNDRjXkEyXkFqcGdeQXVyNTA4NzY1MzY@._V1_SX404_CR0,0,404,600_.jpg"
102,102,tt0092455,"https://m.media-amazon.com/images/M/MV5BOWFhYjE4NzMtOWJmZi00NzEyLTg5NTctYmIxMTU1ZDIxMDAyXkEyXkFqcGdeQXVyNTE1NjY5Mg@@._V1_SY1200_CR2,0,808,1200_.jpg"
103,103,tt5788792,"https://m.media-amazon.com/images/M/MV5BMzk2ZmFhNjMtOWM2YS00MGU4LTk3ODMtY2Q2MjU2ODA0MDg4XkEyXkFqcGdeQXVyODk4OTc3MTY@._V1_SY1200_CR0,0,808,1200_.jpg"
104,104,tt0086661,"https://m.media-amazon.com/images/M/MV5BOTU0ODg2ODMtZDQ0OS00N2MzLWIwYWUtZDQ2N2E2ZTZiNzI1XkEyXkFqcGdeQXVyNjc3MjQzNTI@._V1_SY1200_CR3,0,808,1200_.jpg"
105,105,tt0758745,"https://m.media-amazon.com/images/M/MV5BYTkxZDVhZGItZjM3Yi00YTU1LTk2ZDYtYTI4NTg2Mjc0NWY1XkEyXkFqcGdeQXVyNTA4NzY1MzY@._V1_SY1600_CR6,0,775,1050_.jpg"
106,106,tt1856010,"https://m.media-amazon.com/images/M/MV5BNmM4ODU1MzItODYyYi00Y2U0LWFjZjItYTRhZWIwOGMyZTRhXkEyXkFqcGdeQXVyNjc2NTQ4Nzk@._V1_SY1200_CR3,0,808,1200_.jpg"
107,107,tt0318871,"https://m.media-amazon.com/images/M/MV5BZWIzNzQ3ZDctODYxYi00YjUwLTg1MDgtMDg4Mzc0NWM4ZGY0XkEyXkFqcGdeQXVyNjAwNDUxODI@._V1_SY1200_CR4,0,808,1200_.jpg"
108,108,tt1628033,"https://m.media-amazon.com/images/M/MV5BYzkwZDgwZmQtOWE4Yy00ZjgyLTgxZTYtZTRiMTg5MWY4NTFiXkEyXkFqcGdeQXVyNTA4NzY1MzY@._V1_SY1200_CR2,0,808,1200_.jpg"
109,109,tt5712554,"https://m.media-amazon.com/images/M/MV5BYjkyOWIyZGYtYzU3ZS00NWM2LThjZGEtMDZjZjg2MTI2NzBhXkEyXkFqcGdeQXVyNjI4OTg2Njg@._V1_SX404_CR0,0,404,600_.jpg"
110,110,tt4786824,"https://m.media-amazon.com/images/M/MV5BZTEyNjBjYmYtYWYxYi00MmQyLThlYmItY2I4NzM1Mjg1MWYxXkEyXkFqcGdeQXVyMTU3ODI3MTk2._V1_SY1200_CR0,0,808,1200_.jpg"
111,111,tt6025022,"https://m.media-amazon.com/images/M/MV5BMGQ0ZDlhNzctZDQ2Zi00OWNlLWI5YWQtNzc4MjQ1YjAzMDI1XkEyXkFqcGdeQXVyNjk1Njg5NTA@._V1_SX404_CR0,0,404,600_.jpg"
112,112,tt0459159,"https://m.media-amazon.com/images/M/MV5BZjc0ZDA5OTItYzhjNi00ZTJjLTg4OTYtZjk3NzBhODRlMTViXkEyXkFqcGdeQXVyMjc5OTMxMzQ@._V1_SY1200_CR2,0,808,1200_.jpg"
113,113,tt13991232,"https://m.media-amazon.com/images/M/MV5BNDZkZDdkMjYtMGI3Yi00MmVkLTkzZjQtMGI0NGViNzIzNjhjXkEyXkFqcGdeQXVyMDA4NzMyOA@@._V1_SY1200_CR0,0,808,1200_.jpg"
114,114,tt2303687,"https://m.media-amazon.com/images/M/MV5BMTExZDZjNTMtNDVmNy00ZTk2LWFiMzUtZDlkZGRlOGU0ZWRmXkEyXkFqcGdeQXVyMjExMjk0ODk@._V1_SY1200_CR2,0,808,1200_.jpg"
115,115,tt0158417,"https://m.media-amazon.com/images/M/MV5BMGE1MTlmNmYtMTg4Zi00NWRmLWIxMzktMTViNjRmYTQ5NDI2XkEyXkFqcGdeQXVyODAzNzAwOTU@._V1_SY1200_CR2,0,808,1200_.jpg"
116,116,tt0111958,"https://m.media-amazon.com/images/M/MV5BYzI2YzQ5MWMtZGU0OC00ZDZkLWFiMGQtMWQzNmQ2Y2E3NDUyXkEyXkFqcGdeQXVyNDIzMzcwNjc@._V1_SY1200_CR6,0,550,740_.jpg"
117,117,tt14392248,"https://m.media-amazon.com/images/M/MV5BNWRkMjA0NjItMmViYS00MDQyLTgyMWYtOWFmOTA4NmU5MjRjXkEyXkFqcGdeQXVyNDY4NjAxNTc@._V1_SY1200_CR2,0,808,1200_.jpg"
118,118,tt0348914,"https://m.media-amazon.com/images/M/MV5BNDJhMjUzMDYtNzc4MS00Nzk2LTkyMGQtN2M5NTczYTZmYmY5XkEyXkFqcGdeQXVyMzU3MTc5OTE@._V1_SY1200_CR0,0,808,1200_.jpg"
119,119,tt1266020,"https://m.media-amazon.com/images/M/MV5BYWNkOTg0OTMtZTcyNy00MWU1LWJhZDQtYjQzMjU1NjBhYzI2XkEyXkFqcGdeQXVyOTE4NzcwNzI@._V1_SY1200_CR0,0,808,1200_.jpg"
120,120,tt0773262,"https://m.media-amazon.com/images/M/MV5BZjkzMmU5MjMtODllZS00OTA5LTk2ZTEtNjdhYjZhMDA5ZTRhXkEyXkFqcGdeQXVyOTA3MTMyOTk@._V1_SY1200_CR4,0,808,1200_.jpg"
121,121,tt0106179,"https://m.media-amazon.com/images/M/MV5BZDA0MmM4YzUtMzYwZC00OGI2LWE0ODctNzNhNTkwN2FmNTVhXkEyXkFqcGdeQXVyNTA4NzY1MzY@._V1_SY1200_CR0,0,808,1200_.jpg"
122,122,tt5555260,"https://m.media-amazon.com/images/M/MV5BNzYxYWY3YzctZjRiNS00MTViLTk5OTYtZDEyNzAwNGE5ODY0XkEyXkFqcGdeQXVyODUxOTU0OTg@._V1_SY1200_CR0,0,808,1200_.jpg"
123,123,tt4299972,"https://m.media-amazon.com/images/M/MV5BMjI0OTc3MzY5Ml5BMl5BanBnXkFtZTgwNjk3MDUyNDE@._V1_SY1200_CR0,0,808,1200_.jpg"
124,124,tt1795096,"https://m.media-amazon.com/images/M/MV5BZDZjY2I5ZjEtZGE2MS00ZjRmLTlmMGEtMDQ5ZmZhZWJjYzk3XkEyXkFqcGdeQXVyNDg4MjkzNDk@._V1_SY1200_CR2,0,808,1200_.jpg"
125,125,tt4288182,"https://m.media-amazon.com/images/M/MV5BZGU1MzRhNmMtNDExOS00NTk2LWJlYzMtMzc4YWYyN2Q3M2ZmXkEyXkFqcGdeQXVyMTUzMTg2ODkz._V1_SY1200_CR9,0,808,1200_.jpg"
126,126,tt10332508,"https://m.media-amazon.com/images/M/MV5BYjk3Y2U3NjEtMjNhYi00YTZmLWEzOTgtZWI4N2Y4NzlmNWExXkEyXkFqcGdeQXVyODk2MzQ0OTc@._V1_SY1600_CR6,0,775,1050_.jpg"
127,127,tt0994314,"https://m.media-amazon.com/images/M/MV5BYzZjY2MzYTAtMmQxMi00MWVjLTlkZGQtYjJmNWVhODY3YjdjXkEyXkFqcGdeQXVyNjAwNDUxODI@._V1_SY1200_CR2,0,808,1200_.jpg"
128,128,tt0088484,"https://m.media-amazon.com/images/M/MV5BMTI4NDc1NDg0N15BMl5BanBnXkFtZTYwNjk0MTc5._V1_SY1200_CR1,0,808,1200_.jpg"
129,129,tt1733785,"https://m.media-amazon.com/images/M/MV5BMjQ3MDAzNDU4NV5BMl5BanBnXkFtZTgwNjE2NDQ0NzE@._V1_SY1200_CR2,0,808,1200_.jpg"
130,130,tt3322312,"https://m.media-amazon.com/images/M/MV5BYTA2OGExMTctYTAxYS00NjM0LTljZjAtYjViZWRiMDdiMGRkXkEyXkFqcGdeQXVyNTA3MTU2MjE@._V1_SY1200_CR1,0,808,1200_.jpg"
131,131,tt9140342,"https://m.media-amazon.com/images/M/MV5BZWIyNGI1N2YtNzRlZS00NTFjLTk5MzMtZjQ5MTUwMTljZDZkXkEyXkFqcGdeQXVyMjQwMDg0Ng@@._V1_SY1200_CR0,0,808,1200_.jpg"
132,132,tt9335498,"https://m.media-amazon.com/images/M/MV5BNzJhMDY2NzUtYzE2Ny00YWVmLWI3YjQtODk2ZWQzYmEwMzJiXkEyXkFqcGdeQXVyNjAwNDUxODI@._V1_SY1200_CR2,0,808,1200_.jpg"
133,133,tt0268093,"https://m.media-amazon.com/images/M/MV5BODFjYWEyOTktMTU3OC00YTBhLWE4ZmEtNTJiYWUzYTYwMjIzXkEyXkFqcGdeQXVyNjU1NDgwMDg@._V1_SY1200_CR2,0,808,1200_.jpg"
134,134,tt10638036,"https://m.media-amazon.com/images/M/MV5BMTU1NmYwMTAtNzNjOS00NDNkLWI0ZmMtMDYxYWEyYzIxYTNjXkEyXkFqcGdeQXVyNjA1MTI4NjA@._V1_SY1200_CR9,0,808,1200_.jpg"
135,135,tt1486217,"https://m.media-amazon.com/images/M/MV5BMTg3NTMwMzY2OF5BMl5BanBnXkFtZTgwMDcxMjQ0NDE@._V1_SX404_CR0,0,404,600_.jpg"
136,136,tt0094517,"https://m.media-amazon.com/images/M/MV5BNTA0OGRiYTMtMjliYS00ZjZkLWI2ODEtMWI5ZmM5OTBjYmNlXkEyXkFqcGdeQXVyNTA4NzY1MzY@._V1_SY1200_CR2,0,808,1200_.jpg"
137,137,tt0434706,"https://m.media-amazon.com/images/M/MV5BM2ZkYTAwMGMtOGEwOS00MzBjLTgxOGYtZTYwY2E1ZjMyZmY4XkEyXkFqcGdeQXVyNTgyNTA4MjM@._V1_SX404_CR0,0,404,600_.jpg"
138,138,tt14986406,"https://m.media-amazon.com/images/M/MV5BODFmYTUwYzMtM2M2My00NGExLWIzMDctYmRjNTNhZDc4MGI2XkEyXkFqcGdeQXVyMTMzNDExODE5._V1_SY1200_CR2,0,808,1200_.jpg"
139,139,tt1305826,"https://m.media-amazon.com/images/M/MV5BMGFkNGY4NGMtZjY0NC00YTI0LThiZjMtMjBmZGMzOGU3YTdmXkEyXkFqcGdeQXVyMTM0NTUzNDIy._V1_SX404_CR0,0,404,600_.jpg"
140,140,tt4236770,"https://m.media-amazon.com/images/M/MV5BOGFiZjU5NGEtNTAwNS00ZjI2LTg0YTktNjg0ODFlM2E0NGVhXkEyXkFqcGdeQXVyMzQ2MDI5NjU@._V1_SX404_CR0,0,404,600_.jpg"
141,141,tt0096639,"https://m.media-amazon.com/images/M/MV5BMmJmYTg0MDEtN2VjMC00YmUxLWFhNmMtZTBiYjQ2ZGQ5ZWMyXkEyXkFqcGdeQXVyNTE1NjY5Mg@@._V1_SY1200_CR0,0,808,1200_.jpg"
142,142,tt0090509,"https://m.media-amazon.com/images/M/MV5BMjM1OTc0MjMtZjFmOS00ZmQ0LTk1ZWItM2U1YTc5ODZjZjI3XkEyXkFqcGdeQXVyNTA4NzY1MzY@._V1_SY1200_CR0,0,808,1200_.jpg"
143,143,tt1641384,"https://m.media-amazon.com/images/M/MV5BMTAwYzE4NzItY2Q3Zi00NjRmLWE5ZTAtMDM5OWIyMmQ3MTFlXkEyXkFqcGdeQXVyMTkxNjUyNQ@@._V1_SY1200_CR0,0,808,1200_.jpg"
144,144,tt2049116,"https://m.media-amazon.com/images/M/MV5BMTgzNmNjZGQtMjM3ZC00Y2Y2LTlkZGItM2EwNTM2MmUyMDExXkEyXkFqcGdeQXVyMTMxNjUyMDkx._V1_SY1200_CR0,0,808,1200_.jpg"
145,145,tt0092324,"https://m.media-amazon.com/images/M/MV5BMGViZTgzNjEtZWQ3My00YjJkLTk2OGUtZDQ1ODg2ZGEyNzhhXkEyXkFqcGdeQXVyNTA4NzY1MzY@._V1_SY1200_CR3,0,808,1200_.jpg"
146,146,tt5290382,"https://m.media-amazon.com/images/M/MV5BNWNmYzQ1ZWUtYTQ3ZS00Y2UwLTlkMDctZThlOTJkMGJiNzBiXkEyXkFqcGdeQXVyNjg2NjQwMDQ@._V1_SY1200_CR0,0,808,1200_.jpg"
147,147,tt8595766,"https://m.media-amazon.com/images/M/MV5BZWMxMjBiZmUtMjM1Yi00ODk4LWE4MjctNmFlYzIzNmE4MmU4XkEyXkFqcGdeQXVyNzEyNTM4MTU@._V1_SY1200_CR2,0,808,1200_.jpg"
148,148,tt4834232,"https://m.media-amazon.com/images/M/MV5BYjNjZDliYmItZDE0NC00ZGY3LTk0ZDEtZGI5MjAxZjQwMDE4XkEyXkFqcGdeQXVyMjM5NzU3OTM@._V1_SY1200_CR7,0,808,1200_.jpg"
149,149,tt3398540,"https://m.media-amazon.com/images/M/MV5BNjkyNDI2MTgtN2Y3NS00M2RjLWJhNDMtMmNmZmUwMDQwZTE1XkEyXkFqcGdeQXVyNjAwNDUxODI@._V1_SX404_CR0,0,404,600_.jpg"
150,150,tt0380136,"https://m.media-amazon.com/images/M/MV5BMjgyYWUxNGMtMGMwZi00OWIyLTkwN2ItOWYyYWUxYzcyNzUwXkEyXkFqcGdeQXVyNjg0NTcxMTg@._V1_SX404_CR0,0,404,600_.jpg"
151,151,tt5421602,"https://m.media-amazon.com/images/M/MV5BNThmMzJlNzgtYmY5ZC00MDllLThmZTMtNTRiMjQwNmY0NmRhXkEyXkFqcGdeQXVyMTkxNjUyNQ@@._V1_SY1200_CR9,0,808,1200_.jpg"
152,152,tt9174558,"https://m.media-amazon.com/images/M/MV5BZTc5NmU1YWUtMzgxNC00YmVmLTk1MDYtNjlkNjQwZGVjMTIzXkEyXkFqcGdeQXVyMDM2NDM2MQ@@._V1_SY1200_CR0,0,808,1200_.jpg"
153,153,tt0096657,"https://m.media-amazon.com/images/M/MV5BMDQ5NjBhZmMtMTU0Ni00ODFiLTgwM2MtMDlkOTNkZDY5YjE5XkEyXkFqcGdeQXVyNTgyNTA4MjM@._V1_SX404_CR0,0,404,600_.jpg"
154,154,tt0094525,"https://m.media-amazon.com/images/M/MV5BODljYzNlZTMtMWIwNi00N2QzLWE2ZTAtZDBmYzIwYzhlZDY2XkEyXkFqcGdeQXVyMjExMjk0ODk@._V1_SY1200_CR2,0,808,1200_.jpg"
155,155,tt0080306,"https://m.media-amazon.com/images/M/MV5BZjlkOGIyOWUtN2I2My00MzFjLTlhYTQtYmRkZjQ3Nzg1MWY4XkEyXkFqcGdeQXVyNTA4NzY1MzY@._V1_SX404_CR0,0,404,600_.jpg"
156,156,tt5189670,"https://m.media-amazon.com/images/M/MV5BMTg4Mjc1NjE4Ml5BMl5BanBnXkFtZTgwMjk2NjA1NjM@._V1_SY1200_CR0,0,808,1200_.jpg"
157,157,tt13111040,"https://m.media-amazon.com/images/M/MV5BMzU1YWU3ZWItYTA4Yy00M2Q0LTkzZTQtYzFmNzVlZTg1ZTQwXkEyXkFqcGdeQXVyMTM1MTE1NDMx._V1_SY1200_CR0,0,808,1200_.jpg"
158,158,tt0979432,"https://m.media-amazon.com/images/M/MV5BYTYxNzc5ZmYtODcyNi00ZWUwLWExNWUtY2Y0YTlhZDBlMGU1XkEyXkFqcGdeQXVyNzQ1ODk3MTQ@._V1_SY1200_CR1,0,808,1200_.jpg"
159,159,tt1489428,"https://m.media-amazon.com/images/M/MV5BNzRjNGVhNDMtODI0ZS00NGNhLWE2MTctMGRkMzdhZmQ1YWY4XkEyXkFqcGdeQXVyNDIzMzcwNjc@._V1_SY1200_CR0,0,808,1200_.jpg"
160,160,tt1870479,"https://m.media-amazon.com/images/M/MV5BZDI0OWIwMTgtZGIyOC00ODRhLWIwNjAtOWViZmMwOWYwOGViXkEyXkFqcGdeQXVyNTE1NjY5Mg@@._V1_SY1200_CR0,0,808,1200_.jpg"
161,161,tt7562112,"https://m.media-amazon.com/images/M/MV5BMjQ2ZDMzNmMtZWZmZC00MTFjLWFiMTMtNzJjY2Q3ZjQ3MmI0XkEyXkFqcGdeQXVyMTEyMjM2NDc2._V1_SY1200_CR1,0,808,1200_.jpg"
162,162,tt2244495,"https://m.media-amazon.com/images/M/MV5BZWI4YTVhYmMtZmZjNS00MmFjLTkyMDItNzcxYjVjZjZmODliXkEyXkFqcGdeQXVyMzM4NjcxOTc@._V1_SY1200_CR0,0,808,1200_.jpg"
163,163,tt6763664,"https://m.media-amazon.com/images/M/MV5BMTU4NzA4MDEwNF5BMl5BanBnXkFtZTgwMTQxODYzNjM@._V1_SY1200_CR0,0,808,1200_.jpg"
164,164,tt0053488,"https://m.media-amazon.com/images/M/MV5BMzczMzM3M2EtY2E1MS00ZjA2LTg0ZjctOWNjZWMxN2NkYzFkXkEyXkFqcGdeQXVyMTA0MTM5NjI2._V1_SX404_CR0,0,404,600_.jpg"
165,165,tt10802170,"https://m.media-amazon.com/images/M/MV5BNGI3ZTgwMzItMTA0ZC00NTFhLTkzNTQtMDBkMDc2NmVmY2NkXkEyXkFqcGdeQXVyMTM1MTE1NDMx._V1_SY1200_CR0,0,808,1200_.jpg"
166,166,tt10850932,"https://m.media-amazon.com/images/M/MV5BMzRiZWUyN2YtNDI4YS00NTg2LTg0OTgtMGI2ZjU4ODQ4Yjk3XkEyXkFqcGdeQXVyNTI5NjIyMw@@._V1_SY1200_CR2,0,808,1200_.jpg"
167,167,tt10048342,"https://m.media-amazon.com/images/M/MV5BM2EwMmRhMmUtMzBmMS00ZDQ3LTg4OGEtNjlkODk3ZTMxMmJlXkEyXkFqcGdeQXVyMjM5ODk1NDU@._V1_SY1200_CR0,0,808,1200_.jpg"
168,168,tt8289930,"https://m.media-amazon.com/images/M/MV5BMzVkMGU0YWMtOWQxMC00MjFhLTg1NjAtMDFlZTZlYzJlMjlhXkEyXkFqcGdeQXVyMTMxODk2OTU@._V1_SY1200_CR3,0,808,1200_.jpg"
169,169,tt2100976,"https://m.media-amazon.com/images/M/MV5BZjhlYTllNzgtOTQ5Ni00MTI1LWJmZjktOTc2NTZkYWVlYjllXkEyXkFqcGdeQXVyMDA4NzMyOA@@._V1_SY1200_CR2,0,808,1200_.jpg"
170,170,tt0275137,"https://m.media-amazon.com/images/M/MV5BMDE2ODk0ZTctMGI4Ni00ODgwLTk4OTAtOGNiNjZkMzI3NTY0XkEyXkFqcGdeQXVyOTgwMzk1MTA@._V1_SX404_CR0,0,404,600_.jpg"
171,171,tt0863046,"https://m.media-amazon.com/images/M/MV5BNTM4M2VhY2UtZTJmMi00YmFjLTk4OWItMzU2ZDA3NTUxZjYxXkEyXkFqcGdeQXVyNTA4NzY1MzY@._V1_SY1200_CR2,0,808,1200_.jpg"
172,172,tt0088509,"https://m.media-amazon.com/images/M/MV5BYzI0YjYxY2UtNzRjNS00NTZiLTgzMDItNGEzMjU5MmE0ZWJmXkEyXkFqcGdeQXVyNjAwNDUxODI@._V1_SX404_CR0,0,404,600_.jpg"
173,173,tt0280249,"https://m.media-amazon.com/images/M/MV5BNDYyNTJkNmItYjgxNC00ODliLTg2MGMtZjkxNjEwYzdjNjUxXkEyXkFqcGdeQXVyNTA4NzY1MzY@._V1_SY1200_CR9,0,808,1200_.jpg"
174,174,tt0237123,"https://m.media-amazon.com/images/M/MV5BMzU4NmRkMTctZWQzMi00OGQwLWFjZGEtMTRlZGNmMDdhOGYzXkEyXkFqcGdeQXVyMTA0MTM5NjI2._V1_SX404_CR0,0,404,600_.jpg"
175,175,tt0314979,"https://m.media-amazon.com/images/M/MV5BZjJlYzgzOWUtZmJlZi00ZGM4LTliNzctNWFkNThlMDJhZDQxXkEyXkFqcGdeQXVyNTA4NzY1MzY@._V1_SX404_CR0,0,404,600_.jpg"
176,176,tt0417373,"https://m.media-amazon.com/images/M/MV5BNjYwZjJhZDgtMDc2Mi00Y2U4LThjMzItZmYyZDYzZDNjMDI5XkEyXkFqcGdeQXVyNTA4NzY1MzY@._V1_SX404_CR0,0,404,600_.jpg"
177,177,tt0187664,"https://m.media-amazon.com/images/M/MV5BMmNjODUxNzctOWU2Zi00ZGU3LWI2MDEtMjZjNjE2MmJiMDZiXkEyXkFqcGdeQXVyNTA4NzY1MzY@._V1_SY1200_CR2,0,808,1200_.jpg"
178,178,tt0106028,"https://m.media-amazon.com/images/M/MV5BYTVmZTRhNWItNmQ3Yi00MzNiLWJiZTctOWMyOWRlMDY4YWMyXkEyXkFqcGdeQXVyNjc3MjQzNTI@._V1_SY1200_CR2,0,808,1200_.jpg"
179,179,tt0229889,"https://m.media-amazon.com/images/M/MV5BZjM3ZmY2YzAtZjY1My00OTJjLWI5M2QtYmYxNDQ1OTBkY2E2XkEyXkFqcGdeQXVyMzQxNzU3NA@@._V1_SX404_CR0,0,404,600_.jpg"
180,180,tt0403778,"https://m.media-amazon.com/images/M/MV5BYTAxNWFmMTktMDVjNC00YWFkLTg2NDQtNjQwODZlYmQ2YTA2XkEyXkFqcGdeQXVyNTAyODkwOQ@@._V1_SX404_CR0,0,404,600_.jpg"
181,181,tt4063800,"https://m.media-amazon.com/images/M/MV5BOGRmMDEwOWUtNGI0Ny00YWY3LTkxNmEtZTkwN2FjMjU1YzgwXkEyXkFqcGdeQXVyNTk0MTE2NzU@._V1_SY1600_CR6,0,775,1050_.jpg"
182,182,tt0086831,"https://m.media-amazon.com/images/M/MV5BZDAyOTQ5YWUtNjNiZS00NmJiLTljNDItMzU2YWNjMjk4MTVjXkEyXkFqcGdeQXVyNTA4NzY1MzY@._V1_SY1200_CR3,0,808,1200_.jpg"
183,183,tt7908628,"https://m.media-amazon.com/images/M/MV5BNWYwNGMwNTItMzZiNS00YTNhLTg5ZDItOTE5YzdhYWRjOWQ2XkEyXkFqcGdeQXVyMTUzMTg2ODkz._V1_SY1200_CR1,0,808,1200_.jpg"
184,184,tt0423731,"https://m.media-amazon.com/images/M/MV5BMzg1NmFlMzctYmVkNC00Y2M4LTgyOGQtNjkyYWFkZDQ4MGJjXkEyXkFqcGdeQXVyNjAwNDUxODI@._V1_SY1200_CR0,0,808,1200_.jpg"
185,185,tt6108262,"https://m.media-amazon.com/images/M/MV5BYjAzMzc3OTMtZTAzNi00OWI0LWJmOGEtYjI3MWZmY2IzNDkxXkEyXkFqcGdeQXVyMTk0MjQ3Nzk@._V1_SY1200_CR2,0,808,1200_.jpg"
186,186,tt0487831,"https://m.media-amazon.com/images/M/MV5BMjE5MThjMzAtNWVmNC00YThkLTlmNzktMTM3Yzk4YTZhMTgwXkEyXkFqcGdeQXVyNTAyODkwOQ@@._V1_SY1200_CR2,0,808,1200_.jpg"
187,187,tt1492966,"https://m.media-amazon.com/images/M/MV5BOGI0ZjA5ZmUtMTY1ZC00NjZjLTk0MGEtNmQ2YTczY2Q3YTc0XkEyXkFqcGdeQXVyNDA5NTgxNjU@._V1_SY1600_CR6,0,775,1050_.jpg"
188,188,tt0129690,"https://m.media-amazon.com/images/M/MV5BODRmYzYzZjItMzNmYy00NGE5LTk0MjctYWJkOGNlOWM2MWM1XkEyXkFqcGdeQXVyNjU0OTQ0OTY@._V1_SY1200_CR1,0,808,1200_.jpg"
189,189,tt4158110,"https://m.media-amazon.com/images/M/MV5BM2QyNDIzOGMtNThhNS00NmUwLWI0ZjUtZjdkN2I1OTRjZWQ3XkEyXkFqcGdeQXVyNzQ1ODk3MTQ@._V1_SY1200_CR2,0,808,1200_.jpg"
190,190,tt0290978,"https://m.media-amazon.com/images/M/MV5BYWI2YmI2ZmMtMTZjMC00MzMzLWI5ODItNDY1OTg3YjNmZmUxXkEyXkFqcGdeQXVyNDA5NTgxNjU@._V1_SY1200_CR3,0,808,1200_.jpg"
191,191,tt9544034,"https://m.media-amazon.com/images/M/MV5BMzRjZWVmMzItNTdmYS00OWEzLTgyOGUtNThiNTU2ZThlYjY0XkEyXkFqcGdeQXVyMTIxMDk2NDE4._V1_SY1200_CR9,0,808,1200_.jpg"
192,192,tt1513168,"https://m.media-amazon.com/images/M/MV5BMDhkMTY2NGQtMWY4Mi00ZjhmLWIzNGYtZDJhODkwNTM5NTIzXkEyXkFqcGdeQXVyNDk3NDEzMzk@._V1_SY1200_CR0,0,808,1200_.jpg"
193,193,tt0163507,"https://m.media-amazon.com/images/M/MV5BYmJjMTVhYjQtMjBmMC00NWYxLTk2YmEtYWIxZDUzYjljZTYxXkEyXkFqcGdeQXVyNTA4NzY1MzY@._V1_SY1200_CR0,0,808,1200_.jpg"
194,194,tt4647692,"https://m.media-amazon.com/images/M/MV5BMzRjOWYyNDUtYTJhMC00ZmZmLThlYmYtOWJkMzk4MGQ2NDFhXkEyXkFqcGdeQXVyMjQyMDc5MA@@._V1_SX404_CR0,0,404,600_.jpg"
195,195,tt1586680,"https://m.media-amazon.com/images/M/MV5BZDgxNjQ2MjMtMjk2Yi00M2Q2LWI0ZDktOGM1NWI5YWUzMjk4XkEyXkFqcGdeQXVyOTA3MTMyOTk@._V1_SX404_CR0,0,404,600_.jpg"
196,196,tt0475784,"https://m.media-amazon.com/images/M/MV5BZDg1OWRiMTktZDdiNy00NTZlLTg2Y2EtNWRiMTcxMGE5YTUxXkEyXkFqcGdeQXVyMTM2MDY0OTYx._V1_SY1200_CR0,0,808,1200_.jpg"
197,197,tt5897304,"https://m.media-amazon.com/images/M/MV5BYWIwZjhkMzgtOWExYi00ZGIwLTg1ZTktNjQyZWIxYWFmZTc0XkEyXkFqcGdeQXVyNjAwNDUxODI@._V1_SX404_CR0,0,404,600_.jpg"
198,198,tt0278238,"https://m.media-amazon.com/images/M/MV5BNDcyYjlkM2QtOWIzZC00ZTcwLTlmOGQtMDY2MmIxNzNiOTQ4XkEyXkFqcGdeQXVyMTM0NTUzNDIy._V1_SX404_CR0,0,404,600_.jpg"
199,199,tt13616990,"https://m.media-amazon.com/images/M/MV5BZjY5MDFhZTgtOGVhMi00NTUzLTk5NjktNmRlMjI3NjI4MmE0XkEyXkFqcGdeQXVyMTMzNDExODE5._V1_SY1200_CR0,0,808,1200_.jpg"
200,200,tt1442449,"https://m.media-amazon.com/images/M/MV5BZWQ4MjA2YzEtOTQzYi00NWQ1LWI0ZDEtN2VkZjhmYTc3MzU0XkEyXkFqcGdeQXVyNDIzMzcwNjc@._V1_SY1200_CR0,0,808,1200_.jpg"
201,201,tt4082744,"https://m.media-amazon.com/images/M/MV5BZGUyOWJiYTUtN2E0Ni00MGUwLTk4ZjktYzc3ZmRkNzVlNTU0XkEyXkFqcGdeQXVyMTExNDQ2MTI@._V1_SX404_CR0,0,404,600_.jpg"
202,202,tt1534360,"https://m.media-amazon.com/images/M/MV5BMjIzOTY1YTYtNmRhMC00MzAxLWEzMzUtM2ZiMmYwNTY0MjMyXkEyXkFqcGdeQXVyNDg4MjkzNDk@._V1_SY1200_CR3,0,808,1200_.jpg"
203,203,tt0118273,"https://m.media-amazon.com/images/M/MV5BOGRjYzI3OGEtZDFmNi00OWQxLWFjODgtZDUyNWMxYjI4MjA5XkEyXkFqcGdeQXVyNTA4NzY1MzY@._V1_SY1200_CR0,0,808,1200_.jpg"
204,204,tt1124373,"https://m.media-amazon.com/images/M/MV5BYTMxMGY1OGQtZmUzNy00NjhmLTlhNzItZDBiNzhlMTgwZjZlXkEyXkFqcGdeQXVyNDIzMzcwNjc@._V1_SY1200_CR0,0,808,1200_.jpg"
205,205,tt5288312,"https://m.media-amazon.com/images/M/MV5BMzc5NmE5ZDItZGQxZC00ZTdhLThlYzktYjE0NWIyZDM3OGRlXkEyXkFqcGdeQXVyNTA4NzY1MzY@._V1_SY1200_CR0,0,808,1200_.jpg"
206,206,tt2701582,"https://m.media-amazon.com/images/M/MV5BYjRkZTRkNDUtMTliMC00MjAzLTg4MDUtNjBmODYxMmFkZGU3XkEyXkFqcGdeQXVyMjExMjk0ODk@._V1_SY1200_CR2,0,808,1200_.jpg"
207,207,tt0417349,"https://m.media-amazon.com/images/M/MV5BYjU4NGI4MjQtOTJlZC00Y2UxLWFiMDAtODJhZDFmYmVjMTY3XkEyXkFqcGdeQXVyNTE1NjY5Mg@@._V1_SY1200_CR2,0,808,1200_.jpg"
208,208,tt0112159,"https://m.media-amazon.com/images/M/MV5BODZkZjUxNmEtMGEyOS00ZDY5LTkxZDMtZTJkZDBiZTkyOWRkXkEyXkFqcGdeQXVyNjAwNDUxODI@._V1_SY1200_CR2,0,808,1200_.jpg"
209,209,tt0421357,"https://m.media-amazon.com/images/M/MV5BMmI5NmFlZjItOTBhOC00NGI0LWIyNDAtODJhOTJjZDEyMTYyXkEyXkFqcGdeQXVyNjAwNDUxODI@._V1_SX404_CR0,0,404,600_.jpg"
210,210,tt0436992,"https://m.media-amazon.com/images/M/MV5BZWJhYjFmZDEtNTVlYy00NGExLWJhZWItNTAxODY5YTc3MDFmXkEyXkFqcGdeQXVyMTkxNjUyNQ@@._V1_SY1200_CR2,0,808,1200_.jpg"
211,211,tt20869502,"https://m.media-amazon.com/images/M/MV5BMTAzNzlhYjItN2MxZS00ZTg4LWFmZGQtN2I1ZWE5YjgzODY3XkEyXkFqcGdeQXVyNjk1NzU1Mjk@._V1_SY1200_CR2,0,808,1200_.jpg"
212,212,tt0290988,"https://m.media-amazon.com/images/M/MV5BOTA0NTAwMTc1MF5BMl5BanBnXkFtZTgwODk2NjY0ODE@._V1_SY1200_CR3,0,808,1200_.jpg"
213,213,tt4093826,"https://m.media-amazon.com/images/M/MV5BZWZiNWI0MzgtMDMyYS00NDY2LWI0Y2YtNTQ2ZWJhNzU2NTEyXkEyXkFqcGdeQXVyOTA3MTMyOTk@._V1_SX404_CR0,0,404,600_.jpg"
214,214,tt2575988,"https://m.media-amazon.com/images/M/MV5BM2Q5YjNjZWMtYThmYy00N2ZjLWE2NDctNmZjMmZjYWE2NjEwXkEyXkFqcGdeQXVyMTAzMDM4MjM0._V1_SY1200_CR2,0,808,1200_.jpg"
215,215,tt0120570,"https://m.media-amazon.com/images/M/MV5BOWIzMjU1OTQtY2QwNC00YTUwLTg2NmUtYzg2ZDQ3YTkzNzA4XkEyXkFqcGdeQXVyNTE1NjY5Mg@@._V1_SX404_CR0,0,404,600_.jpg"
216,216,tt1758429,"https://m.media-amazon.com/images/M/MV5BMTYyMjI4NzYxOF5BMl5BanBnXkFtZTcwNTUwMTc1NA@@._V1_SX404_CR0,0,404,600_.jpg"
217,217,tt0203082,"https://m.media-amazon.com/images/M/MV5BNWI3MTAxOWYtYjNhYi00N2QwLWIxNDMtOGYzZGE4ZmUzOWE3XkEyXkFqcGdeQXVyNjAwNDUxODI@._V1_SY1200_CR2,0,808,1200_.jpg"
218,218,tt0149460,"https://m.media-amazon.com/images/M/MV5BNzA2ZDk2ZTUtMWU2Yi00NDVmLTk1ODEtMmFmMjQyNWYzODI0XkEyXkFqcGdeQXVyNTA4NzY1MzY@._V1_SX404_CR0,0,404,600_.jpg"
219,219,tt12343534,"https://m.media-amazon.com/images/M/MV5BNGY4MTg3NzgtMmFkZi00NTg5LWExMmEtMWI3YzI1ODdmMWQ1XkEyXkFqcGdeQXVyMjQwMDg0Ng@@._V1_SX404_CR0,0,404,600_.jpg"
220,220,tt2243973,"https://m.media-amazon.com/images/M/MV5BNWU5YmJhNWEtZGVlOS00NmRhLThmNzUtYjAyMDA2MDg5ZTM4XkEyXkFqcGdeQXVyNDIzMzcwNjc@._V1_SY1200_CR2,0,808,1200_.jpg"
221,221,tt3526078,"https://m.media-amazon.com/images/M/MV5BNWQ1ZmM3MTQtNTVhZC00MWVlLWI5ZjgtYmZiYWQxZjUzZWM0XkEyXkFqcGdeQXVyMzQ2MDI5NjU@._V1_SX404_CR0,0,404,600_.jpg"
222,222,tt4269716,"https://m.media-amazon.com/images/M/MV5BZjIyNWRlNTEtZDFmOC00YjJkLWJiNDktNWQzMmI1MmQyMDMyXkEyXkFqcGdeQXVyMzQ4MjE5ODk@._V1_SY1200_CR3,0,808,1200_.jpg"
223,223,tt7221388,"https://m.media-amazon.com/images/M/MV5BYWU4ZmI0NTItZjcyNy00MzQ5LThiNDQtZDZkNjg1NWUwN2RhXkEyXkFqcGdeQXVyMTUzMTg2ODkz._V1_SY1200_CR0,0,808,1200_.jpg"
224,224,tt7472896,"https://m.media-amazon.com/images/M/MV5BNWU4MTA0ZTItZmUyYi00ZGY3LWE2NTYtMDQ3N2RkZjcwYjk4XkEyXkFqcGdeQXVyMTkxNjUyNQ@@._V1_SY1200_CR1,0,808,1200_.jpg"
225,225,tt1439629,"https://m.media-amazon.com/images/M/MV5BNDQ5NDZiYjktZmFmMy00MjAxLTk1MDktOGZjYTY5YTE1ODdmXkEyXkFqcGdeQXVyNjcwMzEzMTU@._V1_SY1200_CR2,0,808,1200_.jpg"
226,226,tt3230854,"https://m.media-amazon.com/images/M/MV5BZDVmMDljM2QtZDkzZC00ZDg2LWFiMGItZjNiNjliZjg2MGEzXkEyXkFqcGdeQXVyMjkwOTAyMDU@._V1_SX404_CR0,0,404,600_.jpg"
227,227,tt1710308,"https://m.media-amazon.com/images/M/MV5BNWJjZjQ5NWUtMTkwZC00NGY2LWEyMDEtMGIyZThkMmMyZTZlXkEyXkFqcGdeQXVyMTI2MzY3NTA3._V1_SX404_CR0,0,404,600_.jpg"
228,228,tt4295140,"https://m.media-amazon.com/images/M/MV5BMjE3MDQ2OTYyN15BMl5BanBnXkFtZTgwNjQ0Nzg0NzM@._V1_SY1200_CR0,0,808,1200_.jpg"
229,229,tt0995832,"https://m.media-amazon.com/images/M/MV5BMTM2NjAxOTQzNl5BMl5BanBnXkFtZTcwMjk4NzU3MQ@@._V1_SY1200_CR5,0,808,1200_.jpg"
230,230,tt11198330,"https://m.media-amazon.com/images/M/MV5BZjBiOGIyY2YtOTA3OC00YzY1LThkYjktMGRkYTNhNTExY2I2XkEyXkFqcGdeQXVyMTEyMjM2NDc2._V1_SY1200_CR0,0,808,1200_.jpg"
231,231,tt1230180,"https://m.media-amazon.com/images/M/MV5BYzExNjRkZmItYzFlNi00ZWI5LWE2MTEtNTcyZDQ1Y2QyZjBiXkEyXkFqcGdeQXVyNjg3MDM4Mzc@._V1_SY1200_CR2,0,808,1200_.jpg"
232,232,tt2401256,"https://m.media-amazon.com/images/M/MV5BMjQyOTgxMDI0Nl5BMl5BanBnXkFtZTgwOTE4MzczOTE@._V1_SY1200_CR0,0,808,1200_.jpg"
233,233,tt7278862,"https://m.media-amazon.com/images/M/MV5BODU3Nzg5NGMtOTE2MS00YWQ0LTgyYzktMWM3YjNmYjlmZTliXkEyXkFqcGdeQXVyMTMxODk2OTU@._V1_SY1200_CR0,0,808,1200_.jpg"
234,234,tt0047708,"https://m.media-amazon.com/images/M/MV5BOWQ1OGI0ZTItOTNkYi00NWFhLWE3ZWYtODVmMjkzMmM1NDYwXkEyXkFqcGdeQXVyNTA4NzY1MzY@._V1_SY1200_CR2,0,808,1200_.jpg"
235,235,tt2433738,"https://m.media-amazon.com/images/M/MV5BODk2NjQ5OGYtYTVlMi00ZWM2LTk4OGYtZjcwNjg1MzVjOGMxXkEyXkFqcGdeQXVyNTE1NjY5Mg@@._V1_SY1200_CR0,0,808,1200_.jpg"
236,236,tt3895150,"https://m.media-amazon.com/images/M/MV5BYThlNWY5ZDgtYTIxNC00ZjdiLWJmNGUtMDFjMDlmZTAzOWFiXkEyXkFqcGdeQXVyNTM4NzAzNjc@._V1_SX404_CR0,0,404,600_.jpg"
237,237,tt7120662,"https://m.media-amazon.com/images/M/MV5BNzU0MTFiNjUtNzIxMi00ZGZiLTgwZmUtMjIxOWNmMDE0NTE1XkEyXkFqcGdeQXVyNjg0NTcxMTg@._V1_SX404_CR0,0,404,600_.jpg"
238,238,tt3920596,"https://m.media-amazon.com/images/M/MV5BNDc2MDE3NzkyNF5BMl5BanBnXkFtZTgwOTI0ODAxMTI@._V1_SY1200_CR0,0,808,1200_.jpg"
239,239,tt0421291,"https://m.media-amazon.com/images/M/MV5BZDEzNzk4YmQtYWRhMi00ZGRmLTg2M2YtZjM2YTY0MWE1YWYwXkEyXkFqcGdeQXVyNDQ2MTMzODA@._V1_SY1200_CR3,0,808,1200_.jpg"
240,240,tt1877368,"https://m.media-amazon.com/images/M/MV5BOTQ0NGFkYmUtODQ2YS00N2FiLWIyNWUtNmJjMDkzMjVlNzIyXkEyXkFqcGdeQXVyMDE4MzA0NQ@@._V1_SY1200_CR0,0,808,1200_.jpg"
241,241,tt2937900,"https://m.media-amazon.com/images/M/MV5BMTQ5NzcyNDc5MV5BMl5BanBnXkFtZTgwMDMyOTY5NjE@._V1_SY1200_CR0,0,808,1200_.jpg"
242,242,tt1299368,"https://m.media-amazon.com/images/M/MV5BMjAwNzQ4MTMyMF5BMl5BanBnXkFtZTcwMDk3NTYyNw@@._V1_SY1200_CR2,0,808,1200_.jpg"
243,243,tt0262150,"https://m.media-amazon.com/images/M/MV5BODZjOGMxMGUtYTY3YS00NjcxLWFkY2EtYzc3NDVkZjk0YWY2XkEyXkFqcGdeQXVyNTA4NzY1MzY@._V1_SY1200_CR4,0,808,1200_.jpg"
244,244,tt0310455,"https://m.media-amazon.com/images/M/MV5BYjJhNjUzN2ItNmFjMC00ZjM3LWExMmItZjkyMjI1NWU3Y2FmXkEyXkFqcGdeQXVyMjExMjk0ODk@._V1_SY1200_CR5,0,808,1200_.jpg"
245,245,tt6958022,"https://m.media-amazon.com/images/M/MV5BNjAyMjg0MTMtZmUxZC00MzhiLTk1YzYtOGE4YWNmYmIzMjc4XkEyXkFqcGdeQXVyMTMxODk2OTU@._V1_SY1200_CR0,0,808,1200_.jpg"
246,246,tt0103584,"https://m.media-amazon.com/images/M/MV5BNTVjNmEwNTMtNmQ2ZC00MGJkLWI3MDgtNzMyNTc4YjVkNTQ1L2ltYWdlXkEyXkFqcGdeQXVyNTAyODkwOQ@@._V1_SY1200_CR4,0,808,1200_.jpg"
247,247,tt0988818,"https://m.media-amazon.com/images/M/MV5BZmNiZTk5MDQtMjIwMi00ZDU4LTgxOWMtODYwOGU5N2E5YzY0XkEyXkFqcGdeQXVyNjAwNDUxODI@._V1_SY1200_CR2,0,808,1200_.jpg"
